model,true_class,predicted_class,count,share_of_true_class
image_only,akiec,akiec,116,0.7582
image_only,akiec,bcc,6,0.0392
image_only,akiec,bkl,19,0.1242
image_only,akiec,df,8,0.0523
image_only,akiec,mel,4,0.0261
image_only,akiec,nv,0,0.0000
image_only,akiec,vasc,0,0.0000
image_only,bcc,akiec,16,0.0693
image_only,bcc,bcc,176,0.7619
image_only,bcc,bkl,14,0.0606
image_only,bcc,df,1,0.0043
image_only,bcc,mel,5,0.0216
image_only,bcc,nv,19,0.0823
image_only,bcc,vasc,0,0.0000
image_only,bkl,akiec,21,0.0446
image_only,bkl,bcc,9,0.0191
image_only,bkl,bkl,326,0.6921
image_only,bkl,df,2,0.0042
image_only,bkl,mel,38,0.0807
image_only,bkl,nv,73,0.1550
image_only,bkl,vasc,2,0.0042
image_only,df,akiec,8,0.1212
image_only,df,bcc,5,0.0758
image_only,df,bkl,2,0.0303
image_only,df,df,36,0.5455
image_only,df,mel,10,0.1515
image_only,df,nv,5,0.0758
image_only,df,vasc,0,0.0000
image_only,mel,akiec,18,0.0357
image_only,mel,bcc,5,0.0099
image_only,mel,bkl,33,0.0655
image_only,mel,df,2,0.0040
image_only,mel,mel,348,0.6905
image_only,mel,nv,96,0.1905
image_only,mel,vasc,2,0.0040
image_only,nv,akiec,6,0.0020
image_only,nv,bcc,41,0.0137
image_only,nv,bkl,94,0.0313
image_only,nv,df,7,0.0023
image_only,nv,mel,159,0.0530
image_only,nv,nv,2693,0.8977
image_only,nv,vasc,0,0.0000
image_only,vasc,akiec,0,0.0000
image_only,vasc,bcc,7,0.1061
image_only,vasc,bkl,2,0.0303
image_only,vasc,df,0,0.0000
image_only,vasc,mel,4,0.0606
image_only,vasc,nv,12,0.1818
image_only,vasc,vasc,41,0.6212
fusion,akiec,akiec,121,0.7908
fusion,akiec,bcc,5,0.0327
fusion,akiec,bkl,18,0.1176
fusion,akiec,df,2,0.0131
fusion,akiec,mel,7,0.0458
fusion,akiec,nv,0,0.0000
fusion,akiec,vasc,0,0.0000
fusion,bcc,akiec,25,0.1082
fusion,bcc,bcc,169,0.7316
fusion,bcc,bkl,17,0.0736
fusion,bcc,df,2,0.0087
fusion,bcc,mel,4,0.0173
fusion,bcc,nv,14,0.0606
fusion,bcc,vasc,0,0.0000
fusion,bkl,akiec,19,0.0403
fusion,bkl,bcc,7,0.0149
fusion,bkl,bkl,327,0.6943
fusion,bkl,df,3,0.0064
fusion,bkl,mel,43,0.0913
fusion,bkl,nv,72,0.1529
fusion,bkl,vasc,0,0.0000
fusion,df,akiec,13,0.1970
fusion,df,bcc,3,0.0455
fusion,df,bkl,2,0.0303
fusion,df,df,37,0.5606
fusion,df,mel,5,0.0758
fusion,df,nv,5,0.0758
fusion,df,vasc,1,0.0152
fusion,mel,akiec,17,0.0337
fusion,mel,bcc,4,0.0079
fusion,mel,bkl,31,0.0615
fusion,mel,df,0,0.0000
fusion,mel,mel,347,0.6885
fusion,mel,nv,103,0.2044
fusion,mel,vasc,2,0.0040
fusion,nv,akiec,6,0.0020
fusion,nv,bcc,34,0.0113
fusion,nv,bkl,79,0.0263
fusion,nv,df,3,0.0010
fusion,nv,mel,174,0.0580
fusion,nv,nv,2701,0.9003
fusion,nv,vasc,3,0.0010
fusion,vasc,akiec,0,0.0000
fusion,vasc,bcc,6,0.0909
fusion,vasc,bkl,0,0.0000
fusion,vasc,df,0,0.0000
fusion,vasc,mel,10,0.1515
fusion,vasc,nv,8,0.1212
fusion,vasc,vasc,42,0.6364
