statistic,split,value,images,lesions,image_fraction,lesion_fraction
total,all,all,10015,7470,1.0000,1.0000
class,all,nv,6705,5403,0.6695,0.7233
class,all,mel,1113,614,0.1111,0.0822
class,all,bkl,1099,727,0.1097,0.0973
class,all,bcc,514,327,0.0513,0.0438
class,all,akiec,327,228,0.0327,0.0305
class,all,vasc,142,98,0.0142,0.0131
class,all,df,115,73,0.0115,0.0098
total,train,all,7054,5228,1.0000,1.0000
class,train,nv,4730,3781,0.6705,0.7232
class,train,mel,777,430,0.1102,0.0822
class,train,bkl,775,509,0.1099,0.0974
class,train,bcc,365,229,0.0517,0.0438
class,train,akiec,233,160,0.0330,0.0306
class,train,vasc,98,68,0.0139,0.0130
class,train,df,76,51,0.0108,0.0098
total,val,all,1464,1121,1.0000,1.0000
class,val,nv,975,811,0.6660,0.7235
class,val,mel,168,92,0.1148,0.0821
class,val,bkl,167,109,0.1141,0.0972
class,val,bcc,72,49,0.0492,0.0437
class,val,akiec,43,34,0.0294,0.0303
class,val,vasc,22,15,0.0150,0.0134
class,val,df,17,11,0.0116,0.0098
total,test,all,1497,1121,1.0000,1.0000
class,test,nv,1000,811,0.6680,0.7235
class,test,mel,168,92,0.1122,0.0821
class,test,bkl,157,109,0.1049,0.0972
class,test,bcc,77,49,0.0514,0.0437
class,test,akiec,51,34,0.0341,0.0303
class,test,df,22,11,0.0147,0.0098
class,test,vasc,22,15,0.0147,0.0134
images_per_lesion,all,1,5514,5514,0.5506,0.7382
images_per_lesion,all,2,2846,1423,0.2842,0.1905
images_per_lesion,all,3,1470,490,0.1468,0.0656
images_per_lesion,all,4,136,34,0.0136,0.0046
images_per_lesion,all,5,25,5,0.0025,0.0007
images_per_lesion,all,6,24,4,0.0024,0.0005
age,all,0,39,21,0.0039,0.0028
age,all,5,86,47,0.0086,0.0063
age,all,10,41,22,0.0041,0.0029
age,all,15,77,45,0.0077,0.0060
age,all,20,169,101,0.0169,0.0135
age,all,25,247,161,0.0247,0.0216
age,all,30,464,312,0.0463,0.0418
age,all,35,753,570,0.0752,0.0763
age,all,40,985,787,0.0984,0.1054
age,all,45,1299,1080,0.1297,0.1446
age,all,50,1187,987,0.1185,0.1321
age,all,55,1009,780,0.1007,0.1044
age,all,60,803,600,0.0802,0.0803
age,all,65,731,515,0.0730,0.0689
age,all,70,756,503,0.0755,0.0673
age,all,75,618,430,0.0617,0.0576
age,all,80,404,278,0.0403,0.0372
age,all,85,290,179,0.0290,0.0240
age,all,unknown,57,52,0.0057,0.0070
sex,all,male,5406,4001,0.5398,0.5356
sex,all,female,4552,3419,0.4545,0.4577
sex,all,unknown,57,50,0.0057,0.0067
localization,all,back,2192,1534,0.2189,0.2054
localization,all,lower extremity,2077,1584,0.2074,0.2120
localization,all,trunk,1404,1269,0.1402,0.1699
localization,all,upper extremity,1118,776,0.1116,0.1039
localization,all,abdomen,1022,822,0.1020,0.1100
localization,all,face,745,470,0.0744,0.0629
localization,all,chest,407,240,0.0406,0.0321
localization,all,foot,319,228,0.0319,0.0305
localization,all,unknown,234,203,0.0234,0.0272
localization,all,neck,168,119,0.0168,0.0159
localization,all,scalp,128,78,0.0128,0.0104
localization,all,hand,90,64,0.0090,0.0086
localization,all,ear,56,35,0.0056,0.0047
localization,all,genital,48,45,0.0048,0.0060
localization,all,acral,7,3,0.0007,0.0004
