method,mode,fraction,probability_mean,probability_std
grad_cam,deletion,0.0000,0.9217,0.0060
grad_cam,deletion,0.0500,0.6920,0.0591
grad_cam,deletion,0.1000,0.5614,0.0671
grad_cam,deletion,0.1500,0.5396,0.0567
grad_cam,deletion,0.2000,0.5397,0.0340
grad_cam,deletion,0.2500,0.5571,0.0199
grad_cam,deletion,0.3000,0.5707,0.0183
grad_cam,deletion,0.3500,0.5717,0.0053
grad_cam,deletion,0.4000,0.5637,0.0351
grad_cam,deletion,0.4500,0.5653,0.0441
grad_cam,deletion,0.5000,0.5719,0.0519
grad_cam,deletion,0.5500,0.5834,0.0473
grad_cam,deletion,0.6000,0.5980,0.0329
grad_cam,deletion,0.6500,0.5932,0.0436
grad_cam,deletion,0.7000,0.5997,0.0385
grad_cam,deletion,0.7500,0.5964,0.0288
grad_cam,deletion,0.8000,0.6001,0.0261
grad_cam,deletion,0.8500,0.6035,0.0100
grad_cam,deletion,0.9000,0.6095,0.0026
grad_cam,deletion,0.9500,0.5828,0.0210
grad_cam,deletion,1.0000,0.4928,0.0235
grad_cam,insertion,0.0000,0.4928,0.0235
grad_cam,insertion,0.0500,0.5100,0.0809
grad_cam,insertion,0.1000,0.5113,0.1358
grad_cam,insertion,0.1500,0.4975,0.1356
grad_cam,insertion,0.2000,0.5039,0.1440
grad_cam,insertion,0.2500,0.5029,0.1619
grad_cam,insertion,0.3000,0.5163,0.1487
grad_cam,insertion,0.3500,0.5129,0.1544
grad_cam,insertion,0.4000,0.5150,0.1623
grad_cam,insertion,0.4500,0.5281,0.1518
grad_cam,insertion,0.5000,0.5464,0.1053
grad_cam,insertion,0.5500,0.5701,0.0943
grad_cam,insertion,0.6000,0.6054,0.0720
grad_cam,insertion,0.6500,0.6224,0.0541
grad_cam,insertion,0.7000,0.6461,0.0655
grad_cam,insertion,0.7500,0.6603,0.0852
grad_cam,insertion,0.8000,0.6949,0.0948
grad_cam,insertion,0.8500,0.7356,0.1204
grad_cam,insertion,0.9000,0.8162,0.0813
grad_cam,insertion,0.9500,0.8937,0.0204
grad_cam,insertion,1.0000,0.9217,0.0060
integrated_gradients,deletion,0.0000,0.9217,0.0060
integrated_gradients,deletion,0.0500,0.8514,0.0406
integrated_gradients,deletion,0.1000,0.7890,0.0854
integrated_gradients,deletion,0.1500,0.7199,0.1113
integrated_gradients,deletion,0.2000,0.6835,0.0901
integrated_gradients,deletion,0.2500,0.6515,0.0778
integrated_gradients,deletion,0.3000,0.6383,0.0631
integrated_gradients,deletion,0.3500,0.6270,0.0522
integrated_gradients,deletion,0.4000,0.6226,0.0440
integrated_gradients,deletion,0.4500,0.6211,0.0329
integrated_gradients,deletion,0.5000,0.6186,0.0335
integrated_gradients,deletion,0.5500,0.6163,0.0428
integrated_gradients,deletion,0.6000,0.6295,0.0056
integrated_gradients,deletion,0.6500,0.6144,0.0020
integrated_gradients,deletion,0.7000,0.6173,0.0053
integrated_gradients,deletion,0.7500,0.5989,0.0269
integrated_gradients,deletion,0.8000,0.5979,0.0185
integrated_gradients,deletion,0.8500,0.5906,0.0197
integrated_gradients,deletion,0.9000,0.5794,0.0238
integrated_gradients,deletion,0.9500,0.5636,0.0202
integrated_gradients,deletion,1.0000,0.4928,0.0235
integrated_gradients,insertion,0.0000,0.4928,0.0235
integrated_gradients,insertion,0.0500,0.5782,0.0163
integrated_gradients,insertion,0.1000,0.5941,0.0299
integrated_gradients,insertion,0.1500,0.6028,0.0204
integrated_gradients,insertion,0.2000,0.6062,0.0113
integrated_gradients,insertion,0.2500,0.6132,0.0027
integrated_gradients,insertion,0.3000,0.6023,0.0187
integrated_gradients,insertion,0.3500,0.6219,0.0106
integrated_gradients,insertion,0.4000,0.6208,0.0251
integrated_gradients,insertion,0.4500,0.6113,0.0378
integrated_gradients,insertion,0.5000,0.6067,0.0480
integrated_gradients,insertion,0.5500,0.6095,0.0594
integrated_gradients,insertion,0.6000,0.6016,0.0777
integrated_gradients,insertion,0.6500,0.6194,0.0625
integrated_gradients,insertion,0.7000,0.6381,0.0643
integrated_gradients,insertion,0.7500,0.6581,0.0733
integrated_gradients,insertion,0.8000,0.6924,0.0779
integrated_gradients,insertion,0.8500,0.7541,0.0765
integrated_gradients,insertion,0.9000,0.8199,0.0365
integrated_gradients,insertion,0.9500,0.8822,0.0097
integrated_gradients,insertion,1.0000,0.9217,0.0060
attention_rollout,deletion,0.0000,0.9217,0.0060
attention_rollout,deletion,0.0500,0.9217,0.0061
attention_rollout,deletion,0.1000,0.9162,0.0074
attention_rollout,deletion,0.1500,0.9003,0.0127
attention_rollout,deletion,0.2000,0.8911,0.0107
attention_rollout,deletion,0.2500,0.8827,0.0037
attention_rollout,deletion,0.3000,0.8810,0.0049
attention_rollout,deletion,0.3500,0.8760,0.0057
attention_rollout,deletion,0.4000,0.8754,0.0080
attention_rollout,deletion,0.4500,0.8743,0.0076
attention_rollout,deletion,0.5000,0.8676,0.0068
attention_rollout,deletion,0.5500,0.8641,0.0100
attention_rollout,deletion,0.6000,0.8689,0.0035
attention_rollout,deletion,0.6500,0.8640,0.0047
attention_rollout,deletion,0.7000,0.8691,0.0078
attention_rollout,deletion,0.7500,0.8714,0.0133
attention_rollout,deletion,0.8000,0.8701,0.0157
attention_rollout,deletion,0.8500,0.8656,0.0171
attention_rollout,deletion,0.9000,0.8641,0.0226
attention_rollout,deletion,0.9500,0.8604,0.0282
attention_rollout,deletion,1.0000,0.8519,0.0332
attention_rollout,insertion,0.0000,0.8519,0.0332
attention_rollout,insertion,0.0500,0.8728,0.0159
attention_rollout,insertion,0.1000,0.8723,0.0204
attention_rollout,insertion,0.1500,0.8860,0.0126
attention_rollout,insertion,0.2000,0.8947,0.0139
attention_rollout,insertion,0.2500,0.9000,0.0131
attention_rollout,insertion,0.3000,0.9039,0.0106
attention_rollout,insertion,0.3500,0.9070,0.0093
attention_rollout,insertion,0.4000,0.9098,0.0062
attention_rollout,insertion,0.4500,0.9110,0.0061
attention_rollout,insertion,0.5000,0.9136,0.0061
attention_rollout,insertion,0.5500,0.9175,0.0052
attention_rollout,insertion,0.6000,0.9181,0.0061
attention_rollout,insertion,0.6500,0.9193,0.0063
attention_rollout,insertion,0.7000,0.9197,0.0063
attention_rollout,insertion,0.7500,0.9199,0.0067
attention_rollout,insertion,0.8000,0.9202,0.0064
attention_rollout,insertion,0.8500,0.9203,0.0064
attention_rollout,insertion,0.9000,0.9208,0.0063
attention_rollout,insertion,0.9500,0.9211,0.0061
attention_rollout,insertion,1.0000,0.9217,0.0060
random_image,deletion,0.0000,0.9217,0.0060
random_image,deletion,0.0500,0.8975,0.0049
random_image,deletion,0.1000,0.8650,0.0054
random_image,deletion,0.1500,0.8277,0.0106
random_image,deletion,0.2000,0.7904,0.0264
random_image,deletion,0.2500,0.7577,0.0403
random_image,deletion,0.3000,0.7273,0.0559
random_image,deletion,0.3500,0.7014,0.0725
random_image,deletion,0.4000,0.6862,0.0644
random_image,deletion,0.4500,0.6722,0.0548
random_image,deletion,0.5000,0.6524,0.0437
random_image,deletion,0.5500,0.6301,0.0529
random_image,deletion,0.6000,0.6175,0.0518
random_image,deletion,0.6500,0.6108,0.0495
random_image,deletion,0.7000,0.6167,0.0508
random_image,deletion,0.7500,0.6104,0.0471
random_image,deletion,0.8000,0.6209,0.0009
random_image,deletion,0.8500,0.6093,0.0046
random_image,deletion,0.9000,0.6067,0.0186
random_image,deletion,0.9500,0.6043,0.0152
random_image,deletion,1.0000,0.4928,0.0235
random_image,insertion,0.0000,0.4928,0.0235
random_image,insertion,0.0500,0.5942,0.0021
random_image,insertion,0.1000,0.6164,0.0049
random_image,insertion,0.1500,0.6021,0.0219
random_image,insertion,0.2000,0.5967,0.0428
random_image,insertion,0.2500,0.6141,0.0379
random_image,insertion,0.3000,0.6162,0.0471
random_image,insertion,0.3500,0.6160,0.0471
random_image,insertion,0.4000,0.6235,0.0461
random_image,insertion,0.4500,0.6360,0.0439
random_image,insertion,0.5000,0.6495,0.0395
random_image,insertion,0.5500,0.6696,0.0486
random_image,insertion,0.6000,0.6869,0.0646
random_image,insertion,0.6500,0.7021,0.0662
random_image,insertion,0.7000,0.7268,0.0653
random_image,insertion,0.7500,0.7578,0.0426
random_image,insertion,0.8000,0.7926,0.0277
random_image,insertion,0.8500,0.8268,0.0131
random_image,insertion,0.9000,0.8674,0.0044
random_image,insertion,0.9500,0.8962,0.0019
random_image,insertion,1.0000,0.9217,0.0060
random_text,deletion,0.0000,0.9217,0.0060
random_text,deletion,0.0500,0.9199,0.0077
random_text,deletion,0.1000,0.9179,0.0072
random_text,deletion,0.1500,0.9147,0.0086
random_text,deletion,0.2000,0.9116,0.0092
random_text,deletion,0.2500,0.9087,0.0070
random_text,deletion,0.3000,0.9052,0.0076
random_text,deletion,0.3500,0.9030,0.0095
random_text,deletion,0.4000,0.8990,0.0093
random_text,deletion,0.4500,0.8967,0.0107
random_text,deletion,0.5000,0.8907,0.0095
random_text,deletion,0.5500,0.8895,0.0113
random_text,deletion,0.6000,0.8870,0.0106
random_text,deletion,0.6500,0.8843,0.0120
random_text,deletion,0.7000,0.8816,0.0116
random_text,deletion,0.7500,0.8799,0.0119
random_text,deletion,0.8000,0.8783,0.0147
random_text,deletion,0.8500,0.8763,0.0155
random_text,deletion,0.9000,0.8719,0.0204
random_text,deletion,0.9500,0.8653,0.0250
random_text,deletion,1.0000,0.8519,0.0332
random_text,insertion,0.0000,0.8519,0.0332
random_text,insertion,0.0500,0.8638,0.0240
random_text,insertion,0.1000,0.8712,0.0189
random_text,insertion,0.1500,0.8752,0.0144
random_text,insertion,0.2000,0.8780,0.0116
random_text,insertion,0.2500,0.8824,0.0127
random_text,insertion,0.3000,0.8845,0.0111
random_text,insertion,0.3500,0.8850,0.0115
random_text,insertion,0.4000,0.8897,0.0106
random_text,insertion,0.4500,0.8908,0.0110
random_text,insertion,0.5000,0.8963,0.0096
random_text,insertion,0.5500,0.8991,0.0083
random_text,insertion,0.6000,0.9005,0.0084
random_text,insertion,0.6500,0.9034,0.0088
random_text,insertion,0.7000,0.9067,0.0090
random_text,insertion,0.7500,0.9089,0.0091
random_text,insertion,0.8000,0.9135,0.0049
random_text,insertion,0.8500,0.9153,0.0053
random_text,insertion,0.9000,0.9181,0.0050
random_text,insertion,0.9500,0.9200,0.0059
random_text,insertion,1.0000,0.9217,0.0060
