seed,method,images,deletion_auc,insertion_auc,gini,mass_in_lesion,mass_chance,pointing_game,pointing_chance,empty_map,deletion_minus_random,deletion_ci_low,deletion_ci_high,deletion_share_better,deletion_vs_random,insertion_minus_random,insertion_ci_low,insertion_ci_high,insertion_share_better,insertion_vs_random
42,grad_cam,500,0.5870,0.5788,0.7068,0.7010,0.2650,0.9820,0.2654,0.0000,-0.0754,-0.0891,-0.0616,0.4680,better,-0.0481,-0.0612,-0.0350,0.2020,worse
42,integrated_gradients,500,0.6031,0.6062,0.3697,0.3136,0.2650,0.5720,0.2654,0.0000,-0.0473,-0.0580,-0.0367,0.4460,better,-0.0413,-0.0518,-0.0309,0.2280,worse
42,attention_rollout,500,0.8876,0.9166,0.2648,,,,,0.0000,-0.0180,-0.0246,-0.0114,0.4620,better,0.0102,0.0052,0.0153,0.5220,better
42,random_image,500,0.6555,0.6570,0.3327,0.2652,0.2650,0.3080,0.2654,0.0000,,,,,,,,,,
42,random_text,500,0.9056,0.9064,0.3250,,,,,0.0000,,,,,,,,,,
43,grad_cam,500,0.6152,0.6866,0.6657,0.6602,0.2650,0.9780,0.2654,0.0020,-0.1050,-0.1197,-0.0904,0.7580,better,-0.0296,-0.0397,-0.0196,0.3580,worse
43,integrated_gradients,500,0.6807,0.6822,0.2932,0.2317,0.2650,0.3360,0.2654,0.0000,-0.0395,-0.0483,-0.0306,0.7000,better,-0.0341,-0.0439,-0.0242,0.3880,worse
43,attention_rollout,500,0.8769,0.9051,0.2605,,,,,0.0000,-0.0157,-0.0219,-0.0094,0.5240,better,0.0138,0.0083,0.0192,0.5980,better
43,random_image,500,0.7202,0.7163,0.3330,0.2649,0.2650,0.2360,0.2654,0.0000,,,,,,,,,,
43,random_text,500,0.8926,0.8913,0.3279,,,,,0.0000,,,,,,,,,,
44,grad_cam,500,0.5704,0.5490,0.7134,0.7126,0.2650,0.9840,0.2654,0.0000,-0.1184,-0.1344,-0.1025,0.7480,better,-0.1455,-0.1623,-0.1288,0.2320,worse
44,integrated_gradients,500,0.6458,0.6484,0.4044,0.2717,0.2650,0.4840,0.2654,0.0000,-0.0430,-0.0544,-0.0317,0.6260,better,-0.0461,-0.0563,-0.0360,0.3560,worse
44,attention_rollout,500,0.8711,0.8986,0.2641,,,,,0.0000,-0.0109,-0.0168,-0.0051,0.5580,better,0.0128,0.0072,0.0184,0.6440,better
44,random_image,500,0.6888,0.6945,0.3330,0.2651,0.2650,0.2940,0.2654,0.0000,,,,,,,,,,
44,random_text,500,0.8820,0.8858,0.3228,,,,,0.0000,,,,,,,,,,
