model,seed,macro_f1,balanced_accuracy,accuracy,recall_akiec,recall_bcc,recall_bkl,recall_df,recall_mel,recall_nv,recall_vasc,val_macro_f1,best_epoch
fusion,42,0.7344,0.7216,0.8377,0.8039,0.6883,0.6879,0.6364,0.6905,0.9080,0.6364,0.7652,20.0000
fusion,43,0.7164,0.7096,0.8263,0.7843,0.8052,0.7134,0.5455,0.6905,0.8830,0.5455,0.7563,12.0000
fusion,44,0.7140,0.7127,0.8370,0.7843,0.7013,0.6815,0.5000,0.6845,0.9100,0.7273,0.7420,12.0000
fusion_text_shuffled,42,0.6950,0.6777,0.8003,0.7843,0.6623,0.5924,0.5000,0.6964,0.8720,0.6364,,
fusion_image_shuffled,42,0.1473,0.1477,0.4736,0.0588,0.0779,0.1338,0.0000,0.1012,0.6620,0.0000,,
fusion_text_shuffled,43,0.6484,0.6347,0.7809,0.6078,0.7143,0.6051,0.3636,0.7143,0.8470,0.5909,,
fusion_image_shuffled,43,0.1375,0.1387,0.4596,0.0196,0.0649,0.0955,0.0000,0.1488,0.6420,0.0000,,
fusion_text_shuffled,44,0.6587,0.6595,0.7902,0.7647,0.5974,0.6051,0.4091,0.6429,0.8700,0.7273,,
fusion_image_shuffled,44,0.1469,0.1478,0.4923,0.0588,0.0390,0.1146,0.0000,0.1310,0.6910,0.0000,,
