split,repeat,seed,n_train,n_test,test_images_with_lesion_in_train,accuracy,balanced_accuracy,macro_f1,accuracy_single_image_lesions,accuracy_multi_image_lesions
lesion_grouped,0,42,7054,1497,0,0.8504,0.6979,0.7279,0.9254,0.7568
image_naive,0,42,7009,1503,523,0.8729,0.7465,0.7731,0.9326,0.7991
lesion_grouped,1,43,7019,1493,0,0.8513,0.6685,0.7230,0.9058,0.7813
image_naive,1,43,7009,1503,531,0.8623,0.7328,0.7577,0.9097,0.8036
lesion_grouped,2,44,7012,1495,0,0.8495,0.7252,0.7243,0.9210,0.7619
image_naive,2,44,7009,1503,529,0.8829,0.7788,0.7942,0.9210,0.8368
lesion_grouped,3,45,6989,1537,0,0.8595,0.7231,0.7442,0.9263,0.7842
image_naive,3,45,7009,1503,566,0.8862,0.7898,0.8110,0.9312,0.8352
lesion_grouped,4,46,7044,1507,0,0.8361,0.6798,0.7001,0.9248,0.7291
image_naive,4,46,7009,1503,525,0.8729,0.7742,0.7942,0.9246,0.8081
