seed,image_id,true_class,predicted_class,probability,missed_malignancy,grad_cam_mass_in_lesion,grad_cam_mass_chance,integrated_gradients_mass_in_lesion,grad_cam_predicted_vs_true_class
42,ISIC_0031404,nv,bcc,0.9998,False,0.9103,0.5567,0.7357,0.8266
42,ISIC_0032936,mel,nv,0.9997,True,0.8034,0.5039,0.4699,0.7647
42,ISIC_0025804,bkl,nv,0.9992,False,0.9048,0.4269,0.4742,0.2302
42,ISIC_0033270,bkl,mel,0.9989,False,0.8043,0.1851,0.3225,0.0056
42,ISIC_0030436,bkl,akiec,0.9989,False,0.8828,0.5374,0.5397,0.2802
42,ISIC_0025783,mel,nv,0.9973,True,0.8277,0.3438,0.2555,0.8903
42,ISIC_0033074,mel,nv,0.9964,True,0.9021,0.1959,0.2107,0.9472
42,ISIC_0025642,bkl,nv,0.9955,False,0.7813,0.1812,0.2163,0.3800
42,ISIC_0029820,bcc,bkl,0.9954,True,0.9347,0.5182,0.7955,0.1609
42,ISIC_0031000,bkl,akiec,0.9950,False,0.9531,0.6855,0.8223,0.4124
42,ISIC_0032722,mel,nv,0.9938,True,0.9556,0.3646,0.3178,0.8643
42,ISIC_0024672,bkl,mel,0.9937,False,0.8124,0.2480,0.2121,-0.1649
42,ISIC_0031649,nv,bkl,0.9904,False,0.8306,0.1580,0.2145,0.8408
42,ISIC_0033338,nv,mel,0.9896,False,0.9596,0.4414,0.4322,0.8908
42,ISIC_0033888,nv,mel,0.9896,False,0.8725,0.2394,0.3466,0.8301
42,ISIC_0030841,nv,mel,0.9889,False,0.9156,0.5566,0.6383,0.9461
42,ISIC_0029339,nv,mel,0.9884,False,0.7601,0.1897,0.1968,0.8063
42,ISIC_0032985,mel,nv,0.9880,True,0.9677,0.4037,0.3558,0.9625
42,ISIC_0024608,nv,mel,0.9871,False,0.8953,0.5129,0.5396,0.9146
42,ISIC_0026072,bkl,akiec,0.9862,False,0.7617,0.3026,0.4482,0.4475
42,ISIC_0033192,mel,nv,0.9861,True,0.8388,0.3783,0.3990,0.7645
42,ISIC_0031594,nv,bkl,0.9853,False,0.8205,0.5986,0.7086,0.5533
42,ISIC_0033749,vasc,mel,0.9816,False,0.8135,0.1841,0.3267,-0.5408
42,ISIC_0028901,mel,nv,0.9811,True,0.7837,0.1195,0.1782,0.7728
42,ISIC_0033154,mel,nv,0.9797,True,0.8179,0.3108,0.5375,0.8221
42,ISIC_0033232,mel,nv,0.9791,True,0.9049,0.2269,0.2763,0.9061
42,ISIC_0029789,bkl,mel,0.9788,False,0.9263,0.4567,0.4606,0.4470
42,ISIC_0033031,vasc,mel,0.9785,False,0.8603,0.2253,0.3061,0.3845
42,ISIC_0024700,mel,nv,0.9745,True,0.9409,0.5038,0.4859,0.9435
42,ISIC_0026429,nv,bcc,0.9702,False,0.8647,0.3771,0.6193,0.8852
42,ISIC_0029877,vasc,nv,0.9592,False,0.9432,0.2781,0.3087,0.3788
42,ISIC_0024748,bkl,nv,0.9555,False,0.7903,0.1413,0.0765,0.5021
42,ISIC_0031558,bkl,nv,0.9536,False,0.9685,0.3513,0.3092,0.7333
42,ISIC_0027829,akiec,bkl,0.9512,True,0.7880,0.2454,0.2953,-0.3563
42,ISIC_0034174,nv,mel,0.9510,False,0.7887,0.2558,0.3991,0.8459
42,ISIC_0030233,bcc,mel,0.9403,False,0.9431,0.3109,0.2934,-0.7420
42,ISIC_0028688,bcc,nv,0.9384,True,0.8260,0.1383,0.1660,-0.7574
42,ISIC_0025874,bkl,mel,0.9373,False,0.9351,0.5106,0.3912,0.3962
42,ISIC_0025972,nv,bkl,0.9242,False,0.9376,0.6671,0.6761,0.7604
42,ISIC_0029770,bkl,mel,0.9238,False,0.7915,0.1782,0.1814,0.0955
42,ISIC_0033808,df,nv,0.9230,False,0.9453,0.2623,0.1969,0.7052
42,ISIC_0034196,vasc,mel,0.9199,False,0.9441,0.3924,0.6012,0.4162
42,ISIC_0028881,bkl,mel,0.9168,False,0.9635,0.4464,0.4668,0.2988
42,ISIC_0024547,bkl,mel,0.9001,False,0.9235,0.3423,0.2800,0.4356
